Date,"ï»¿""Symbol""",Series,PrevClose,OpenPrice,HighPrice,LowPrice,LastPrice,ClosePrice,AveragePrice,TotalTradedQuantity,TurnoverInRs,No.ofTrades,DeliverableQty,%DlyQttoTradedQty
2025-12-15,CORONA,EQ,"1,062.00","1,470.00","1,497.80","1,413.00","1,422.20","1,438.40","1,457.97",12889175,18792039979.7,416387,4297863,33.34
2025-12-16,CORONA,EQ,"1,438.40","1,414.00","1,466.50","1,380.10","1,440.10","1,441.10","1,426.45",3127896,4461793618.2,138201,479703,15.34
2025-12-17,CORONA,EQ,"1,441.10","1,438.00","1,481.90","1,380.00","1,402.00","1,402.90","1,440.70",1210546,1744037490.9,66630,226518,18.71
2025-12-18,CORONA,EQ,"1,402.90","1,410.00","1,434.00","1,341.00","1,392.00","1,366.40","1,382.65",533166,737182174.9,30032,147317,27.63
2025-12-19,CORONA,EQ,"1,366.40","1,392.00","1,438.70","1,368.10","1,369.50","1,374.30","1,398.22",591914,827628654.7,34997,93931,15.87
2025-12-22,CORONA,EQ,"1,374.30","1,385.00","1,393.00","1,344.50","1,348.00","1,354.50","1,366.60",186082,254300322.8,13078,47617,25.59
2025-12-23,CORONA,EQ,"1,354.50","1,361.00","1,374.30","1,336.60","1,361.00","1,362.60","1,358.43",209038,283963665.1,18505,40982,19.61
2025-12-24,CORONA,EQ,"1,362.60","1,362.00","1,380.80","1,342.00","1,344.90","1,347.70","1,357.99",115809,157267017.7,9435,31741,27.41
2025-12-26,CORONA,EQ,"1,347.70","1,341.00","1,369.90","1,341.00","1,361.00","1,364.70","1,355.41",134534,182349009.5,10936,45836,34.07
2025-12-29,CORONA,EQ,"1,364.70","1,363.00","1,380.00","1,344.50","1,378.00","1,365.40","1,357.72",92232,125225231.7,7204,34117,36.99
2025-12-30,CORONA,EQ,"1,365.40","1,374.00","1,395.00","1,365.40","1,387.00","1,385.10","1,379.58",107110,147766725.9,10696,39658,37.03
2025-12-31,CORONA,EQ,"1,385.10","1,385.10","1,425.90","1,370.00","1,383.00","1,384.90","1,405.00",133095,186998049.3,12067,35927,26.99
2026-01-01,CORONA,EQ,"1,384.90","1,389.30","1,415.00","1,387.90","1,405.00","1,402.40","1,404.37",88994,124980234.8,7054,19160,21.53
2026-01-02,CORONA,EQ,"1,402.40","1,409.40","1,455.00","1,406.00","1,450.70","1,443.50","1,435.53",229326,329203279.3,16706,99603,43.43
2026-01-05,CORONA,EQ,"1,443.50","1,454.30","1,524.00","1,412.90","1,462.60","1,467.10","1,481.19",497437,736796306.1,37330,92462,18.59
2026-01-06,CORONA,EQ,"1,467.10","1,461.30","1,479.10","1,423.10","1,435.00","1,430.40","1,441.49",112790,162585595.0,10601,33720,29.9
2026-01-07,CORONA,EQ,"1,430.40","1,435.40","1,477.00","1,435.40","1,444.80","1,447.50","1,455.93",133654,194590239.9,9635,31540,23.6
2026-01-08,CORONA,EQ,"1,447.50","1,449.00","1,484.80","1,438.50","1,448.00","1,463.00","1,463.14",161642,236504630.7,11554,53272,32.96
2026-01-09,CORONA,EQ,"1,463.00","1,448.00","1,463.20","1,413.70","1,429.90","1,430.10","1,446.78",82838,119848550.6,7330,25738,31.07
2026-01-12,CORONA,EQ,"1,430.10","1,406.00","1,431.40","1,391.60","1,399.90","1,400.30","1,411.76",165460,233589338.2,8187,111107,67.15
2026-01-13,CORONA,EQ,"1,400.30","1,408.90","1,465.00","1,396.10","1,435.00","1,432.90","1,427.81",161172,230122996.2,11666,95870,59.48
2026-01-14,CORONA,EQ,"1,432.90","1,433.80","1,479.90","1,432.20","1,472.00","1,475.20","1,462.28",61207,89501729.1,6384,21712,35.47
2026-01-16,CORONA,EQ,"1,475.20","1,506.80","1,519.60","1,494.20","1,504.70","1,500.50","1,502.71",111849,168076540.6,10468,60897,54.45
2026-01-19,CORONA,EQ,"1,500.50","1,500.00","1,541.00","1,490.20","1,504.90","1,506.20","1,516.32",128877,195418290.2,10990,35310,27.4
2026-01-20,CORONA,EQ,"1,506.20","1,501.20","1,505.00","1,434.50","1,434.50","1,458.80","1,478.11",40341,59628287.4,5461,18427,45.68
2026-01-21,CORONA,EQ,"1,458.80","1,448.00","1,456.60","1,379.20","1,385.50","1,388.30","1,402.55",66474,93233253.5,8999,22967,34.55
2026-01-22,CORONA,EQ,"1,388.30","1,399.00","1,416.60","1,381.10","1,385.00","1,390.60","1,399.45",38775,54263719.8,5133,10299,26.56
2026-01-23,CORONA,EQ,"1,390.60","1,393.90","1,477.30","1,363.90","1,394.90","1,404.80","1,427.35",111406,159014887.4,13948,26783,24.04
2026-01-27,CORONA,EQ,"1,404.80","1,408.00","1,426.00","1,384.20","1,422.00","1,419.60","1,411.46",47165,66571463.8,6007,24659,52.28
2026-01-28,CORONA,EQ,"1,419.60","1,420.00","1,452.00","1,388.90","1,446.20","1,449.80","1,420.52",37687,53534971.9,5063,14937,39.63
2026-01-29,CORONA,EQ,"1,449.80","1,435.70","1,478.60","1,401.00","1,476.40","1,466.40","1,431.44",90255,129194609.0,7554,56673,62.79
2026-01-30,CORONA,EQ,"1,466.40","1,462.50","1,486.00","1,447.10","1,486.00","1,479.20","1,474.25",27135,40003745.5,2957,14008,51.62
2026-02-01,CORONA,EQ,"1,479.20","1,479.00","1,485.00","1,419.60","1,449.90","1,448.70","1,459.79",10003,14602260.2,1953,2733,27.32
2026-02-02,CORONA,EQ,"1,448.70","1,448.00","1,468.00","1,432.60","1,460.00","1,459.60","1,455.70",31968,46535840.3,4802,12062,37.73
2026-02-03,CORONA,EQ,"1,459.60","1,459.60","1,508.30","1,435.30","1,505.00","1,501.80","1,482.81",67576,100202557.9,9455,19118,28.29
2026-02-04,CORONA,EQ,"1,501.80","1,490.00","1,505.00","1,461.00","1,471.00","1,474.60","1,483.37",14480,21479170.3,2041,5720,39.5
2026-02-05,CORONA,EQ,"1,474.60","1,482.10","1,538.00","1,482.10","1,535.00","1,526.00","1,512.73",65118,98505710.0,5969,33461,51.39
2026-02-06,CORONA,EQ,"1,526.00","1,540.00","1,560.00","1,508.20","1,540.00","1,537.30","1,535.80",73481,112852128.6,9081,24878,33.86
2026-02-09,CORONA,EQ,"1,537.30","1,550.00","1,644.00","1,529.70","1,628.20","1,635.50","1,608.99",106032,170604229.2,11699,36984,34.88
2026-02-10,CORONA,EQ,"1,635.50","1,621.10","1,651.00","1,604.10","1,631.20","1,633.60","1,625.51",58135,94498912.3,7594,21708,37.34
2026-02-11,CORONA,EQ,"1,633.60","1,633.20","1,660.80","1,583.20","1,629.00","1,606.70","1,618.59",64502,104402222.9,5487,38802,60.16
2026-02-12,CORONA,EQ,"1,606.70","1,614.90","1,636.00","1,604.20","1,614.50","1,614.10","1,618.61",17505,28333766.5,2751,5507,31.46
2026-02-13,CORONA,EQ,"1,614.10","1,624.00","1,624.00","1,580.00","1,585.00","1,593.10","1,604.31",30627,49135303.1,8065,15316,50.01
2026-02-16,CORONA,EQ,"1,593.10","1,593.10","1,594.50","1,534.00","1,545.00","1,543.20","1,565.78",18753,29363141.2,2893,8938,47.66
2026-02-17,CORONA,EQ,"1,543.20","1,543.80","1,590.00","1,543.80","1,579.80","1,577.20","1,576.98",18545,29245075.9,2650,7949,42.86
2026-02-18,CORONA,EQ,"1,577.20","1,590.00","1,606.00","1,575.20","1,585.00","1,588.20","1,591.79",12629,20102684.5,2011,4317,34.18
2026-02-19,CORONA,EQ,"1,588.20","1,580.60","1,594.00","1,550.00","1,550.00","1,568.60","1,577.34",22212,35035792.3,5456,11125,50.09
2026-02-20,CORONA,EQ,"1,568.60","1,569.70","1,570.00","1,501.40","1,509.90","1,524.10","1,536.95",12565,19311744.4,1931,4412,35.11
2026-02-23,CORONA,EQ,"1,524.10","1,525.00","1,595.00","1,525.00","1,577.00","1,574.80","1,562.39",36250,56636663.4,5982,14473,39.93
2026-02-24,CORONA,EQ,"1,574.80","1,574.10","1,619.50","1,570.30","1,596.50","1,594.70","1,595.00",30560,48743296.8,5166,10625,34.77
2026-02-25,CORONA,EQ,"1,594.70","1,607.00","1,633.60","1,600.80","1,613.00","1,618.90","1,619.55",12896,20885654.5,2301,5923,45.93
2026-02-26,CORONA,EQ,"1,618.90","1,619.00","1,638.50","1,593.40","1,613.00","1,612.40","1,618.52",11498,18609713.6,2025,5726,49.8
2026-02-27,CORONA,EQ,"1,612.40","1,603.60","1,624.80","1,562.00","1,589.00","1,587.20","1,601.76",11946,19134657.6,2845,4484,37.54
2026-03-02,CORONA,EQ,"1,587.20","1,513.20","1,615.00","1,513.10","1,615.00","1,580.00","1,565.41",14035,21970528.0,2119,5290,37.69
2026-03-04,CORONA,EQ,"1,580.00","1,570.00","1,570.00","1,530.10","1,550.00","1,545.30","1,550.81",10050,15585601.2,1736,4970,49.45
2026-03-05,CORONA,EQ,"1,545.30","1,550.00","1,572.90","1,549.90","1,572.40","1,565.00","1,560.96",11277,17602969.6,2729,5911,52.42
2026-03-06,CORONA,EQ,"1,565.00","1,565.00","1,605.00","1,555.20","1,580.00","1,581.40","1,588.89",8872,14096625.8,1500,4196,47.29
2026-03-09,CORONA,EQ,"1,581.40","1,552.60","1,589.40","1,545.00","1,579.10","1,567.40","1,567.02",8739,13694186.4,1578,3441,39.38
2026-03-10,CORONA,EQ,"1,567.40","1,570.90","1,699.00","1,570.00","1,612.00","1,631.50","1,645.34",99545,163785434.2,11191,16011,16.08
2026-03-11,CORONA,EQ,"1,631.50","1,620.10","1,685.00","1,601.00","1,619.00","1,616.50","1,629.00",30695,50002220.6,3598,8795,28.65
2026-03-12,CORONA,EQ,"1,616.50","1,610.00","1,621.80","1,582.30","1,590.50","1,588.60","1,594.15",7599,12113934.9,1526,3986,52.45
2026-03-13,CORONA,EQ,"1,588.60","1,587.90","1,603.90","1,520.80","1,532.30","1,538.60","1,555.00",55299,85990041.3,8727,31104,56.25
2026-03-16,CORONA,EQ,"1,538.60","1,540.00","1,567.40","1,505.00","1,559.50","1,554.70","1,537.26",95186,146325297.5,4564,80355,84.42
2026-03-17,CORONA,EQ,"1,554.70","1,570.00","1,580.00","1,544.40","1,578.50","1,561.00","1,558.84",54864,85523936.3,3565,47121,85.89
2026-03-18,CORONA,EQ,"1,561.00","1,570.00","1,666.90","1,570.00","1,629.70","1,631.10","1,632.41",39267,64099918.2,5505,17653,44.96
2026-03-19,CORONA,EQ,"1,631.10","1,629.50","1,635.20","1,590.00","1,609.00","1,601.60","1,609.53",18268,29402978.4,2793,7861,43.03
2026-03-20,CORONA,EQ,"1,601.60","1,625.00","1,660.00","1,602.00","1,630.10","1,650.50","1,633.97",22039,36010980.8,3161,8550,38.79
2026-03-23,CORONA,EQ,"1,650.50","1,632.00","1,637.00","1,579.10","1,580.00","1,591.40","1,596.48",20204,32255329.1,2387,11687,57.84
2026-03-24,CORONA,EQ,"1,591.40","1,630.00","1,630.00","1,559.90","1,565.00","1,572.70","1,584.47",26450,41909193.8,4739,12140,45.9
2026-03-25,CORONA,EQ,"1,572.70","1,595.00","1,630.00","1,555.00","1,577.20","1,582.50","1,582.83",66350,105020653.8,4951,38535,58.08
2026-03-27,CORONA,EQ,"1,582.50","1,582.50","1,606.70","1,567.40","1,580.00","1,581.40","1,586.60",38135,60505161.4,5345,23042,60.42
2026-03-30,CORONA,EQ,"1,581.40","1,560.20","1,575.10","1,535.00","1,550.00","1,556.00","1,556.21",33741,52508012.0,5673,23890,70.8
2026-04-01,CORONA,EQ,"1,556.00","1,595.00","1,611.80","1,526.80","1,540.00","1,541.00","1,561.91",21724,33930860.2,2529,8782,40.43
2026-04-02,CORONA,EQ,"1,541.00","1,541.00","1,568.00","1,485.50","1,500.00","1,499.20","1,508.80",30605,46176799.1,4173,15411,50.35
2026-04-06,CORONA,EQ,"1,499.20","1,510.00","1,519.90","1,476.20","1,488.00","1,484.90","1,487.53",12890,19174315.0,2461,6344,49.22
2026-04-07,CORONA,EQ,"1,484.90","1,488.10","1,523.70","1,463.00","1,517.00","1,516.20","1,488.74",49161,73187779.0,7811,27726,56.4
2026-04-08,CORONA,EQ,"1,516.20","1,550.00","1,575.00","1,530.00","1,555.00","1,554.70","1,554.63",15800,24563138.3,2073,6983,44.2
2026-04-09,CORONA,EQ,"1,554.70","1,553.00","1,590.30","1,528.10","1,565.00","1,561.90","1,558.37",39953,62261650.6,2074,29118,72.88
2026-04-10,CORONA,EQ,"1,561.90","1,561.90","1,583.90","1,551.00","1,565.00","1,564.50","1,565.09",22762,35624557.5,1763,17602,77.33
2026-04-13,CORONA,EQ,"1,564.50","1,541.00","1,603.80","1,510.00","1,575.00","1,577.30","1,583.14",21899,34669107.5,3814,8585,39.2
2026-04-15,CORONA,EQ,"1,577.30","1,600.00","1,600.50","1,566.10","1,572.00","1,582.00","1,583.92",13177,20871361.8,1756,6169,46.82
2026-04-16,CORONA,EQ,"1,582.00","1,594.90","1,599.00","1,561.40","1,580.00","1,574.80","1,574.42",9793,15418293.0,1146,4678,47.77
2026-04-17,CORONA,EQ,"1,574.80","1,580.00","1,640.80","1,563.60","1,621.00","1,619.50","1,616.16",32054,51804384.5,3869,14484,45.19
2026-04-20,CORONA,EQ,"1,619.50","1,620.00","1,724.00","1,619.00","1,696.00","1,698.30","1,691.11",76437,129263257.7,8148,23438,30.66
2026-04-21,CORONA,EQ,"1,698.30","1,372.30","1,698.30","1,372.30","1,615.10","1,612.60","1,632.53",98781,161263403.0,10083,27231,27.57
2026-04-22,CORONA,EQ,"1,612.60","1,630.00","1,649.00","1,622.20","1,640.90","1,631.00","1,635.29",15055,24619235.0,3329,5919,39.32
2026-04-23,CORONA,EQ,"1,631.00","1,649.00","1,710.00","1,636.00","1,641.10","1,644.50","1,671.51",44010,73563111.7,5566,21675,49.25
2026-04-24,CORONA,EQ,"1,644.50","1,660.00","1,674.30","1,623.00","1,641.20","1,633.40","1,648.93",13536,22319916.6,2404,5308,39.21
2026-04-27,CORONA,EQ,"1,633.40","1,655.00","1,695.00","1,647.60","1,687.00","1,686.30","1,677.50",23939,40157670.4,4031,11918,49.78
2026-04-28,CORONA,EQ,"1,686.30","1,686.30","1,743.80","1,675.50","1,680.00","1,685.20","1,714.41",37213,63798221.6,4344,14034,37.71
2026-04-29,CORONA,EQ,"1,685.20","1,700.00","1,712.00","1,678.00","1,681.20","1,690.20","1,697.03",10000,16970292.0,1739,4039,40.39
2026-04-30,CORONA,EQ,"1,690.20","1,700.00","1,742.50","1,676.00","1,730.00","1,726.60","1,716.85",27496,47206480.2,4803,10943,39.8
2026-05-04,CORONA,EQ,"1,726.60","1,748.00","1,765.00","1,705.00","1,734.80","1,730.60","1,736.06",17640,30624081.7,2912,7565,42.89
2026-05-05,CORONA,EQ,"1,730.60","1,736.00","1,786.60","1,720.10","1,760.00","1,760.80","1,753.86",23801,41743558.8,5062,9220,38.74
2026-05-06,CORONA,EQ,"1,760.80","1,775.00","1,790.00","1,736.00","1,740.00","1,745.80","1,753.67",10757,18864216.8,2315,4693,43.63
2026-05-07,CORONA,EQ,"1,745.80","1,755.00","1,755.00","1,719.00","1,738.00","1,742.90","1,740.80",7748,13487742.1,1724,3268,42.18
2026-05-08,CORONA,EQ,"1,742.90","1,760.00","1,760.00","1,679.90","1,685.20","1,712.30","1,724.09",12742,21968331.3,1896,7708,60.49
2026-05-11,CORONA,EQ,"1,712.30","1,700.00","1,807.40","1,700.00","1,765.00","1,755.80","1,771.50",47515,84173035.6,5440,15623,32.88
2026-05-12,CORONA,EQ,"1,755.80","1,776.00","1,949.40","1,602.80","1,640.00","1,631.20","1,754.88",265583,466066260.0,24633,73178,27.55
2026-05-13,CORONA,EQ,"1,631.20","1,663.90","1,718.80","1,640.30","1,715.00","1,707.20","1,679.93",72990,122618036.6,6099,24782,33.95
2026-05-14,CORONA,EQ,"1,707.20","1,729.20","1,810.00","1,718.80","1,788.00","1,785.90","1,774.28",107018,189879615.3,10552,49118,45.9
2026-05-15,CORONA,EQ,"1,785.90","1,794.00","1,849.90","1,755.00","1,755.00","1,777.30","1,814.93",43487,78925954.2,7841,13065,30.04
2026-05-18,CORONA,EQ,"1,777.30","1,779.00","1,828.00","1,760.00","1,820.00","1,820.20","1,804.35",31318,56508778.2,4188,15115,48.26
